{"cameraMode":{"drawMode":0,"name":"Shaded","section":"Shading Mode"},"sceneLighting":true,"audioPlay":false,"sceneViewState":{"showFog":true,"showMaterialUpdate":false,"showSkybox":true,"showFlares":true,"showImageEffects":true,"showParticleSystems":true},"in2DMode":false,"pivot":{"x":-4.403831481933594,"y":-1.0209407806396485,"z":10.401351928710938},"rotation":{"x":-0.2549690902233124,"y":0.26276248693466189,"z":-0.07220904529094696,"w":-0.92775958776474},"size":7.233827114105225,"orthographic":false}