{"cameraMode":{"drawMode":0,"name":"Shaded","section":"Shading Mode"},"sceneLighting":true,"audioPlay":false,"sceneViewState":{"showFog":true,"showMaterialUpdate":false,"showSkybox":true,"showFlares":true,"showImageEffects":true,"showParticleSystems":true},"in2DMode":false,"pivot":{"x":-4.51163387298584,"y":3.0215368270874025,"z":5.285009384155273},"rotation":{"x":0.03810404986143112,"y":0.5568552017211914,"z":-0.025579797104001046,"w":0.829347550868988},"size":4.049091339111328,"orthographic":false}