{"cameraMode":{"drawMode":0,"name":"Shaded","section":"Shading Mode"},"sceneLighting":true,"audioPlay":false,"sceneViewState":{"showFog":true,"showMaterialUpdate":false,"showSkybox":true,"showFlares":true,"showImageEffects":true,"showParticleSystems":true},"in2DMode":false,"pivot":{"x":-2.497528553009033,"y":1.8178441524505616,"z":3.934638261795044},"rotation":{"x":-0.22261099517345429,"y":-0.40694889426231387,"z":0.10300398617982865,"w":-0.8799260854721069},"size":2.8220772743225099,"orthographic":false}