{"cameraMode":{"drawMode":0,"name":"Shaded","section":"Shading Mode"},"sceneLighting":true,"audioPlay":false,"sceneViewState":{"showFog":true,"showMaterialUpdate":false,"showSkybox":true,"showFlares":true,"showImageEffects":true,"showParticleSystems":true},"in2DMode":false,"pivot":{"x":12.768272399902344,"y":1.4066524505615235,"z":3.688356399536133},"rotation":{"x":-0.036540523171424869,"y":-0.3851606845855713,"z":0.015266085043549538,"w":-0.9220501184463501},"size":42.0130615234375,"orthographic":false}