{"cameraMode":{"drawMode":0,"name":"Shaded","section":"Shading Mode"},"sceneLighting":true,"audioPlay":false,"sceneViewState":{"showFog":true,"showMaterialUpdate":false,"showSkybox":true,"showFlares":true,"showImageEffects":true,"showParticleSystems":true},"in2DMode":false,"pivot":{"x":-3.346982479095459,"y":1.3683682680130005,"z":3.100992441177368},"rotation":{"x":-0.08644372969865799,"y":-0.39937663078308108,"z":0.037856005132198337,"w":-0.9119209051132202},"size":5.151608467102051,"orthographic":false}