{"cameraMode":{"drawMode":0,"name":"Shaded","section":"Shading Mode"},"sceneLighting":true,"audioPlay":false,"sceneViewState":{"showFog":true,"showMaterialUpdate":false,"showSkybox":true,"showFlares":true,"showImageEffects":true,"showParticleSystems":true},"in2DMode":false,"pivot":{"x":6.737585544586182,"y":3.154578447341919,"z":-1.4283008575439454},"rotation":{"x":-0.2350756824016571,"y":0.5228371024131775,"z":-0.1526758074760437,"w":-0.8050339818000794},"size":9.525396347045899,"orthographic":false}