{"cameraMode":{"drawMode":0,"name":"Shaded","section":"Shading Mode"},"sceneLighting":true,"audioPlay":false,"sceneViewState":{"showFog":true,"showMaterialUpdate":false,"showSkybox":true,"showFlares":true,"showImageEffects":true,"showParticleSystems":true},"in2DMode":false,"pivot":{"x":3.3882317543029787,"y":-0.19610393047332765,"z":4.821325302124023},"rotation":{"x":0.15240353345870973,"y":0.014820966869592667,"z":-0.002295474288985133,"w":0.9882525205612183},"size":7.785964012145996,"orthographic":false}