{"cameraMode":{"drawMode":0,"name":"Shaded","section":"Shading Mode"},"sceneLighting":true,"audioPlay":false,"sceneViewState":{"showFog":true,"showMaterialUpdate":false,"showSkybox":false,"showFlares":true,"showImageEffects":true,"showParticleSystems":true},"in2DMode":false,"pivot":{"x":4.0,"y":4.478911876678467,"z":-1.4901161193847657e-8},"rotation":{"x":0.051651615649461749,"y":-0.6495091319084168,"z":0.04431898146867752,"w":0.75733482837677},"size":0.6578521132469177,"orthographic":false}