{"cameraMode":{"drawMode":0,"name":"Shaded","section":"Shading Mode"},"sceneLighting":true,"audioPlay":false,"sceneViewState":{"showFog":true,"showMaterialUpdate":false,"showSkybox":true,"showFlares":true,"showImageEffects":true,"showParticleSystems":true},"in2DMode":false,"pivot":{"x":-1.7769615650177003,"y":2.421888589859009,"z":3.0990278720855715},"rotation":{"x":-0.10566674172878266,"y":-0.593334972858429,"z":0.07898956537246704,"w":-0.7941008806228638},"size":2.8220772743225099,"orthographic":false}