{"cameraMode":{"drawMode":32,"name":"UV Overlap","section":"Baked Global Illumination"},"sceneLighting":true,"audioPlay":false,"sceneViewState":{"showFog":true,"showMaterialUpdate":false,"showSkybox":true,"showFlares":true,"showImageEffects":true,"showParticleSystems":true},"in2DMode":false,"pivot":{"x":-2.126293182373047,"y":0.887535810470581,"z":-0.3925445079803467},"rotation":{"x":-0.05920746177434921,"y":-0.9378992319107056,"z":0.2005029171705246,"w":-0.27692970633506777},"size":6.737483024597168,"orthographic":false}