{"cameraMode":{"drawMode":32,"name":"UV Overlap","section":"Baked Global Illumination"},"sceneLighting":true,"audioPlay":false,"sceneViewState":{"showFog":true,"showMaterialUpdate":false,"showSkybox":true,"showFlares":true,"showImageEffects":true,"showParticleSystems":true},"in2DMode":false,"pivot":{"x":6.064053535461426,"y":4.647078514099121,"z":0.7145400047302246},"rotation":{"x":0.03890519589185715,"y":-0.924548327922821,"z":-0.09827389568090439,"w":-0.3661825656890869},"size":12.46670913696289,"orthographic":false}